/*
 Navicat MySQL Data Transfer

 Source Server         : 本地Mysql
 Source Server Type    : MySQL
 Source Server Version : 50725
 Source Host           : localhost
 Source Database       : game

 Target Server Type    : MySQL
 Target Server Version : 50725
 File Encoding         : utf-8

 Date: 06/05/2019 19:40:22 PM
*/

SET NAMES utf8;
SET FOREIGN_KEY_CHECKS = 0;

-- ----------------------------
--  Table structure for `activity_info`
-- ----------------------------
DROP TABLE IF EXISTS `activity_info`;
CREATE TABLE `activity_info` (
  `activity_id` varchar(255) NOT NULL,
  `activity_name` varchar(255) DEFAULT NULL,
  `activity_describe` varchar(255) DEFAULT NULL,
  `activity_icon` varchar(255) DEFAULT NULL,
  PRIMARY KEY (`activity_id`)
) ENGINE=InnoDB DEFAULT CHARSET=utf8;

-- ----------------------------
--  Table structure for `help_info`
-- ----------------------------
DROP TABLE IF EXISTS `help_info`;
CREATE TABLE `help_info` (
  `help_id` varchar(255) NOT NULL,
  `help_title` varchar(255) DEFAULT NULL,
  `help_describe` varchar(255) DEFAULT NULL,
  `help_icon` varchar(255) DEFAULT NULL,
  `help_type` int(11) DEFAULT NULL COMMENT '1、寻求帮扶  2、提供帮扶',
  PRIMARY KEY (`help_id`)
) ENGINE=InnoDB DEFAULT CHARSET=utf8;

-- ----------------------------
--  Records of `help_info`
-- ----------------------------
BEGIN;
INSERT INTO `help_info` VALUES ('1558580871391', '标题', '正文', '', '1'), ('1558754248919', '标题', '正文', '', '1'), ('1558754248925', '标题2', '正文2', '', '2'), ('1558754686817', '标题', '正文', '', '1'), ('1558754686824', '标题2', '正文2', '', '2');
COMMIT;

-- ----------------------------
--  Table structure for `msg_queue`
-- ----------------------------
DROP TABLE IF EXISTS `msg_queue`;
CREATE TABLE `msg_queue` (
  `msg_id` varchar(255) NOT NULL,
  `msg_msg` varchar(255) DEFAULT NULL COMMENT '消息内容',
  `msg_from` varchar(50) DEFAULT NULL COMMENT '谁发的？userId',
  `msg_to` varchar(50) DEFAULT NULL COMMENT '发给谁？userId',
  `msg_next` varchar(255) DEFAULT NULL COMMENT '对话上一条消息Id',
  `msg_read` tinyint(4) DEFAULT NULL,
  PRIMARY KEY (`msg_id`)
) ENGINE=InnoDB DEFAULT CHARSET=utf8;

-- ----------------------------
--  Records of `msg_queue`
-- ----------------------------
BEGIN;
INSERT INTO `msg_queue` VALUES ('1559720493767275007', '实在抱歉，我不认识你', '00000', '00001', '1559720515510951115', '1'), ('1559720493767737680', '我是小靓仔，你呢', '00001', '00000', '1559720493767275007', '1'), ('1559720524681157623', '你的名字叫？', '00000', '00001', '1559720524681222308', '1'), ('1559720524681222308', '说了我叫小靓仔', '00001', '00000', '1559720639030865974', '1'), ('1559720688646378856', '你的名字叫儿子', '00000', '00002', '1559720724688425641', '1'), ('1559720688646997517', '你好我是你爸爸', '00002', '00000', '1559720688646378856', '1'), ('1559720730226464539', '你的名字叫狗子', '00000', '00002', '1559720730226677628', '1'), ('1559720730226677628', '憨批你是', '00002', '00000', '1559720757878317409', '1'), ('1559727689565799957', '测试00000', 'ahojcn', '00000', '1559727689565482445', '1'), ('1559728097719620460', '测试200000', 'ahojcn', '00000', '1559728097719706616', '1'), ('1559728146643868917', '111', 'ahojcn', '00000', '1559728146643446549', '1'), ('1559728175737694383', '111', 'ahojcn', '00000', '1559728175737158409', '1'), ('1559728270018801676', 'aaaa', 'ahojcn', '00000', '1559728270018440215', '1'), ('1559728305022387974', 'aaa', 'ahojcn', '00000', '1559728305022985036', '1'), ('1559728351360830521', 'aaa', 'ahojcn', '00000', '1559728351360539652', '1'), ('1559728478582338268', 'aaa', 'ahojcn', '00000', '1559728478582532567', '1'), ('1559728703850634748', '你好，请问你是客服吗？', 'ahojcn', '00000', '1559728703850486275', '1'), ('1559728735127685796', '我叫范程，我心里爱着一个姑娘，叫金鹏。', 'ahojcn', '00000', '1559728735127667876', '1'), ('1559729055396245827', 'aaa', 'ahojcn', '00000', '1559729055396600731', '1'), ('1559729086568901282', 'aaa', 'ahojcn', '00000', '1559729086568468997', '1'), ('1559729093367295730', '你好啊', 'ahojcn', '00000', '1559729093367556962', '1'), ('1559729146160143523', 'aaa', 'ahojcn', '00000', '1559729146160493235', '1');
COMMIT;

-- ----------------------------
--  Table structure for `order_detail`
-- ----------------------------
DROP TABLE IF EXISTS `order_detail`;
CREATE TABLE `order_detail` (
  `detail_id` varchar(32) NOT NULL,
  `order_id` varchar(32) NOT NULL,
  `product_id` varchar(32) NOT NULL,
  `product_num` int(11) NOT NULL,
  `create_time` timestamp NOT NULL DEFAULT CURRENT_TIMESTAMP COMMENT '创建时间',
  `update_time` timestamp NOT NULL DEFAULT CURRENT_TIMESTAMP ON UPDATE CURRENT_TIMESTAMP COMMENT '修改时间',
  PRIMARY KEY (`detail_id`),
  KEY `idx_order_id` (`order_id`)
) ENGINE=InnoDB DEFAULT CHARSET=utf8;

-- ----------------------------
--  Records of `order_detail`
-- ----------------------------
BEGIN;
INSERT INTO `order_detail` VALUES ('1559263007944593801', '1559263007925593748', '1558575338397', '20', '2019-05-31 08:36:47', '2019-05-31 14:09:13'), ('1559263007955803543', '1559263007925593748', '1558575338525', '10', '2019-05-31 08:36:47', '2019-05-31 14:09:15'), ('1559551734020139411', '1559551733997761308', '1559286845348', '1', '2019-06-03 16:48:54', '2019-06-03 16:48:54'), ('1559552473001879785', '1559552472984548530', '1559286382724', '1', '2019-06-03 17:01:13', '2019-06-03 17:01:13'), ('1559552614762357846', '1559552614751598255', '1559286845348', '1', '2019-06-03 17:03:34', '2019-06-03 17:03:34'), ('1559552790972623192', '1559552790964349190', '1559286382724', '1', '2019-06-03 17:06:30', '2019-06-03 17:06:30'), ('1559552825017343700', '1559552825006719042', '1559286845345', '1', '2019-06-03 17:07:05', '2019-06-03 17:07:05'), ('1559553024008788829', '1559553023997184021', '1559286382724', '1', '2019-06-03 17:10:24', '2019-06-03 17:10:24'), ('1559553483004326029', '1559553482990478143', '1559286845345', '1', '2019-06-03 17:18:03', '2019-06-03 17:18:03'), ('1559553483010272505', '1559553482990478143', '1559286382724', '12', '2019-06-03 17:18:03', '2019-06-03 17:18:03'), ('1559553655397276403', '1559553655388395439', '1559286382724', '1', '2019-06-03 17:20:55', '2019-06-03 17:20:55'), ('1559553655414938252', '1559553655388395439', '1559286845345', '1', '2019-06-03 17:20:55', '2019-06-03 17:20:55'), ('1559553707033883213', '1559553707021144581', '1559286382724', '1', '2019-06-03 17:21:47', '2019-06-03 17:21:47'), ('1559553707051935865', '1559553707021144581', '1559286845345', '1', '2019-06-03 17:21:47', '2019-06-03 17:21:47'), ('1559553769701167546', '1559553769692251771', '1559286382724', '1', '2019-06-03 17:22:49', '2019-06-03 17:22:49'), ('1559553945631838131', '1559553945623292382', '1559286845347', '1', '2019-06-03 17:25:45', '2019-06-03 17:25:45'), ('1559697581611628934', '1559697581596555275', '1559286382724', '1', '2019-06-05 09:19:41', '2019-06-05 09:19:41'), ('1559697581636634469', '1559697581596555275', '1559286845345', '1', '2019-06-05 09:19:41', '2019-06-05 09:19:41'), ('1559697807675185709', '1559697807662317659', '1559286382724', '1', '2019-06-05 09:23:27', '2019-06-05 09:23:27'), ('1559697807681511555', '1559697807662317659', '1559286845345', '1', '2019-06-05 09:23:27', '2019-06-05 09:23:27');
COMMIT;

-- ----------------------------
--  Table structure for `order_master`
-- ----------------------------
DROP TABLE IF EXISTS `order_master`;
CREATE TABLE `order_master` (
  `order_id` varchar(50) NOT NULL,
  `buyer_id` varchar(32) NOT NULL COMMENT '买家Id',
  `order_amount` decimal(8,2) NOT NULL COMMENT '订单总金额',
  `order_status` tinyint(3) NOT NULL DEFAULT '0' COMMENT '订单状态, 默认为新下单',
  `pay_status` tinyint(3) NOT NULL DEFAULT '0' COMMENT '支付状态, 默认未支付',
  `create_time` timestamp NOT NULL DEFAULT CURRENT_TIMESTAMP COMMENT '创建时间',
  `update_time` timestamp NOT NULL DEFAULT CURRENT_TIMESTAMP ON UPDATE CURRENT_TIMESTAMP COMMENT '修改时间',
  PRIMARY KEY (`order_id`)
) ENGINE=InnoDB DEFAULT CHARSET=utf8;

-- ----------------------------
--  Records of `order_master`
-- ----------------------------
BEGIN;
INSERT INTO `order_master` VALUES ('1559552472984548530', '11111', '3.00', '0', '1', '2019-06-03 17:01:13', '2019-06-03 17:01:36'), ('1559552614751598255', '11111', '1.50', '0', '1', '2019-06-03 17:03:34', '2019-06-03 17:03:51'), ('1559552790964349190', '11111', '3.00', '0', '0', '2019-06-03 17:06:30', '2019-06-03 17:06:30'), ('1559552825006719042', '11111', '1.50', '0', '0', '2019-06-03 17:07:05', '2019-06-03 17:07:05'), ('1559553010192216995', '11111', '0.00', '0', '0', '2019-06-03 17:10:10', '2019-06-03 17:10:10'), ('1559553023997184021', '11111', '3.00', '0', '0', '2019-06-03 17:10:24', '2019-06-03 17:10:24'), ('1559553482990478143', '11111', '37.50', '0', '1', '2019-06-03 17:18:03', '2019-06-03 17:23:23'), ('1559553655388395439', '11111', '4.50', '0', '0', '2019-06-03 17:20:55', '2019-06-03 17:20:55'), ('1559553707021144581', '11111', '4.50', '0', '0', '2019-06-03 17:21:47', '2019-06-03 17:21:47'), ('1559553765374738897', '11111', '0.00', '0', '0', '2019-06-03 17:22:45', '2019-06-03 17:22:45'), ('1559553769692251771', '11111', '3.00', '0', '0', '2019-06-03 17:22:49', '2019-06-04 15:11:38'), ('1559553945623292382', '00002', '1.50', '2', '1', '2019-06-03 17:25:45', '2019-06-04 15:24:30'), ('1559697581596555275', '00000', '4.50', '0', '1', '2019-06-05 09:19:41', '2019-06-05 09:21:30'), ('1559697807662317659', '00000', '4.50', '0', '1', '2019-06-05 09:23:27', '2019-06-05 09:24:43');
COMMIT;

-- ----------------------------
--  Table structure for `product_category`
-- ----------------------------
DROP TABLE IF EXISTS `product_category`;
CREATE TABLE `product_category` (
  `category_id` int(11) NOT NULL AUTO_INCREMENT,
  `category_name` varchar(64) NOT NULL COMMENT '类目名字',
  `category_type` int(11) NOT NULL COMMENT '类目编号',
  `create_time` timestamp NOT NULL DEFAULT CURRENT_TIMESTAMP COMMENT '创建时间',
  `update_time` timestamp NOT NULL DEFAULT CURRENT_TIMESTAMP ON UPDATE CURRENT_TIMESTAMP COMMENT '修改时间',
  `click_num` int(11) DEFAULT NULL,
  PRIMARY KEY (`category_id`)
) ENGINE=InnoDB AUTO_INCREMENT=5 DEFAULT CHARSET=utf8;

-- ----------------------------
--  Records of `product_category`
-- ----------------------------
BEGIN;
INSERT INTO `product_category` VALUES ('1', '蔬菜', '0', '2019-05-23 09:02:49', '2019-06-05 17:38:29', '33'), ('2', '水果', '1', '2019-05-23 09:02:49', '2019-06-05 17:38:31', '37'), ('3', '花草', '2', '2019-05-25 11:24:46', '2019-06-05 17:25:37', '20'), ('4', '家禽', '3', '2019-05-25 11:17:28', '2019-06-05 17:25:39', '12');
COMMIT;

-- ----------------------------
--  Table structure for `product_info`
-- ----------------------------
DROP TABLE IF EXISTS `product_info`;
CREATE TABLE `product_info` (
  `product_id` varchar(32) NOT NULL,
  `product_name` varchar(64) NOT NULL COMMENT '商品名称',
  `product_price` decimal(8,2) NOT NULL COMMENT '单价',
  `product_stock` int(11) NOT NULL COMMENT '库存',
  `product_description` varchar(512) DEFAULT NULL COMMENT '简介',
  `product_icon` varchar(100) DEFAULT NULL COMMENT '小图',
  `category_type` int(11) NOT NULL COMMENT '类目编号',
  `create_time` timestamp NOT NULL DEFAULT CURRENT_TIMESTAMP COMMENT '创建时间',
  `update_time` timestamp NOT NULL DEFAULT CURRENT_TIMESTAMP ON UPDATE CURRENT_TIMESTAMP COMMENT '修改时间',
  `product_grade` varchar(255) DEFAULT NULL,
  PRIMARY KEY (`product_id`)
) ENGINE=InnoDB DEFAULT CHARSET=utf8;

-- ----------------------------
--  Records of `product_info`
-- ----------------------------
BEGIN;
INSERT INTO `product_info` VALUES ('1558575338519', '康乃馨', '3.50', '500', '叶片线状披针形，顶端长渐尖，基部稍成短鞘，中脉明显，上面下凹，下面稍凸起。花常单生枝端有香气，粉红、紫红或白色。', 'https://s2.ax1x.com/2019/05/31/VlwDcn.png', '2', '2019-05-23 09:35:38', '2019-06-03 17:08:24', '4'), ('1558575338525', '风信子', '3.00', '2000', '原产地中海沿岸及小亚细亚一带，是研究发现的会开花的植物中最香的一个品种。喜阳光充足和比较湿润的生长环境，要求排水良好和肥沃的沙壤土等。', 'https://s2.ax1x.com/2019/05/31/Vlw439.png', '2', '2019-05-23 09:35:38', '2019-06-03 17:08:26', '4'), ('1558575338537', '农家乌鸡', '120.00', '100', '放在油里面煎一下，然后加我在里面做出来的味道才会特别的好，可以放一些土豆，也可以在里面多加上一些金针菇，做出来的味道也是非常的好吃哦。', 'https://s2.ax1x.com/2019/05/31/VlwqAO.png', '3', '2019-05-23 09:35:38', '2019-06-03 17:08:30', '2'), ('1559286281552', '西红柿', '2.50', '1000', '是茄科番茄属中以成熟多汁浆果为产品的草木植物。我国栽培的番茄是从国外引种的，果实多为红色，样子像柿子，故俗称西红柿', 'https://s2.ax1x.com/2019/05/31/Vldwsx.png', '0', '2019-05-31 15:04:41', '2019-06-03 17:08:32', '1'), ('1559286382724', '香蕉', '3.00', '500', '芭蕉科芭蕉属植物，又指其果实，热带地区广泛种植。', 'https://s2.ax1x.com/2019/05/31/Vlwj9H.png', '1', '2019-05-31 15:06:22', '2019-06-03 17:08:46', '2'), ('1559286845345', '醇香鸭梨', '1.50', '100', '通常品种是一种落叶乔木或灌木，极少数品种为常绿，属于被子植物门双子叶植物纲蔷薇科苹果亚科。', 'https://s2.ax1x.com/2019/05/31/VlDMhF.png', '1', '2019-05-31 15:14:05', '2019-06-03 17:08:48', '4'), ('1559286845346', '醇香鸭梨1', '1.50', '100', '通常品种是一种落叶乔木或灌木，极少数品种为常绿，属于被子植物门双子叶植物纲蔷薇科苹果亚科。', 'https://s2.ax1x.com/2019/05/31/VlDMhF.png', '1', '2019-05-31 15:14:05', '2019-06-03 17:08:50', '3'), ('1559286845347', '醇香鸭梨2', '1.50', '100', '通常品种是一种落叶乔木或灌木，极少数品种为常绿，属于被子植物门双子叶植物纲蔷薇科苹果亚科。', 'https://s2.ax1x.com/2019/05/31/VlDMhF.png', '1', '2019-05-31 15:14:05', '2019-06-03 17:08:52', '3'), ('1559286845348', '醇香鸭梨3', '1.50', '100', '通常品种是一种落叶乔木或灌木，极少数品种为常绿，属于被子植物门双子叶植物纲蔷薇科苹果亚科。', 'https://s2.ax1x.com/2019/05/31/VlDMhF.png', '1', '2019-05-31 15:14:05', '2019-06-03 17:08:54', '4'), ('1559286970343', '家养野猪', '350.00', '50', '野猪肉是指肉经腌制后再经过烘烤（或日光下曝晒）的过程所制成的加工品。腊肉的防腐能力强。', 'https://s2.ax1x.com/2019/05/31/VlDm7V.png', '3', '2019-05-31 15:16:10', '2019-06-03 17:08:55', '4'), ('1559287485289', '淡水鸭子', '60.00', '50', '喙扁而宽，後趾无蹼。高漂水上，飞行迅速，大声扑跳然后转为平飞。密集成群。分布全世界', 'https://s2.ax1x.com/2019/05/31/VlDA6s.png', '3', '2019-05-31 15:24:45', '2019-06-03 17:08:57', '5'), ('1559695661149', '紫藤萝', '2.00', '1024', '优良的观花藤木植物，缠绕茎，羽状复叶，小叶长椭圆形。总状花序，春季开花，花淡紫色，具有优美的姿态和迷人的风采。', 'https://s2.ax1x.com/2019/05/31/VldOln.png', '2', '2019-06-05 08:47:41', '2019-06-05 08:47:41', '4'), ('1559702335592', '菠萝菠萝蜜', '2.80', '1024', '菠萝菠萝蜜菠萝菠萝蜜菠萝菠萝蜜菠萝菠萝蜜菠萝菠萝蜜菠萝菠萝蜜菠萝菠萝蜜菠萝菠萝蜜', 'https://i.loli.net/2019/06/05/5cf72b3dbd64753938.png', '2', '2019-06-05 10:38:55', '2019-06-05 10:38:55', '5');
COMMIT;

-- ----------------------------
--  Table structure for `shopping_cart`
-- ----------------------------
DROP TABLE IF EXISTS `shopping_cart`;
CREATE TABLE `shopping_cart` (
  `shopping_id` varchar(255) NOT NULL,
  `user_id` varchar(255) NOT NULL COMMENT '用户Id',
  `product_id` varchar(255) NOT NULL COMMENT '商品Id',
  `product_num` int(11) NOT NULL DEFAULT '1' COMMENT '商品数量'
) ENGINE=InnoDB DEFAULT CHARSET=utf8;

-- ----------------------------
--  Records of `shopping_cart`
-- ----------------------------
BEGIN;
INSERT INTO `shopping_cart` VALUES ('1559553779148', '11111', '1559286382724', '1'), ('1559553780399', '11111', '1559286845345', '1'), ('1559629156812', '00001', '1559286281552', '10'), ('1559725769296', 'ahojcn', '1559286382724', '1'), ('1559725779477', 'ahojcn', '1559286845345', '1'), ('1559725836358', 'ahojcn', '1559286281552', '1');
COMMIT;

-- ----------------------------
--  Table structure for `user_info`
-- ----------------------------
DROP TABLE IF EXISTS `user_info`;
CREATE TABLE `user_info` (
  `user_id` varchar(255) NOT NULL,
  `user_password` varchar(255) NOT NULL,
  `user_name` varchar(255) NOT NULL,
  `user_address` varchar(255) NOT NULL,
  `user_phone` varchar(255) NOT NULL,
  `create_time` timestamp NOT NULL DEFAULT CURRENT_TIMESTAMP COMMENT '创建时间',
  `update_time` timestamp NOT NULL DEFAULT CURRENT_TIMESTAMP ON UPDATE CURRENT_TIMESTAMP COMMENT '修改时间',
  `user_icon` varchar(255) DEFAULT NULL,
  `user_isman` tinyint(4) DEFAULT NULL,
  PRIMARY KEY (`user_id`)
) ENGINE=InnoDB DEFAULT CHARSET=utf8;

-- ----------------------------
--  Records of `user_info`
-- ----------------------------
BEGIN;
INSERT INTO `user_info` VALUES ('00000', '123456', '管理员', '管理员地址', '15291418231', '2019-05-25 11:24:46', '2019-05-31 15:36:08', 'https://s2.ax1x.com/2019/05/31/VQxJZn.png', '0'), ('00001', '123456', '客户1', '西安工程大学', '13772812803', '2019-05-31 13:38:29', '2019-05-31 15:35:52', 'https://s2.ax1x.com/2019/05/31/VQxJZn.png', '1'), ('00002', '123456', '客户2', '西安工程大学', '13772812804', '2019-05-16 15:33:34', '2019-05-31 15:34:47', 'https://s2.ax1x.com/2019/05/31/VQxJZn.png', '1'), ('00003', '123456', '客户3', '西安科技大学', '15200989800', '2019-05-31 15:35:12', '2019-05-31 15:35:19', 'https://s2.ax1x.com/2019/05/31/VQxJZn.png', '1'), ('00004', '123456', '客户4', '西安科技大学', '15200989888', '2019-05-31 15:35:12', '2019-05-31 15:36:36', 'https://s2.ax1x.com/2019/05/31/VQxJZn.png', '1'), ('00005', '123456', '客户5', '西安科技大学', '15200989883', '2019-05-31 15:35:12', '2019-05-31 15:36:36', 'https://s2.ax1x.com/2019/05/31/VQxJZn.png', '1'), ('11111', '123456', '客户0', 'XXX', '123213213123', '2019-06-03 17:00:22', '2019-06-03 17:00:59', 'https://s2.ax1x.com/2019/05/31/VQxJZn.png', '1'), ('ahojcn', '1Liujingliang', 'ahojcn', '陕西省神木市', '13891267906', '2019-06-04 15:39:03', '2019-06-04 15:39:03', 'https://i.loli.net/2019/06/04/5cf61ffe93f4069938.png', '1');
COMMIT;

SET FOREIGN_KEY_CHECKS = 1;
